{
  "outlet_temp_pred_c": 300.0,
  "absorbed_duty_kw": 10000.0,
  "fired_duty_kw": 11089.012193750668,
  "methane_kg_s": 0.22178024387501336,
  "air_kg_s": 4.178296663372883,
  "efficiency_est": 0.901793579561181,
  "flue_wet_mole_frac": {
    "CO2": 0.08713692946058091,
    "H2O": 0.17427385892116182,
    "O2": 0.017427385892116176,
    "N2": 0.7211618257261411
  },
  "flue_dry_mole_frac": {
    "CO2": 0.10552763819095477,
    "O2": 0.021105527638190947,
    "N2": 0.8733668341708544
  },
  "stack_loss_kw": 1089.0121916079497
}